お客様からの質問,ますびと商店の回答
"お届け先を変更したい

お届け先変更の理由：記載の住所が前住所のため。","お客様
いつも大変お世話になっております。
当店にてお買い求めいただき誠にありがとうございます。
お届け先変更の旨、承知しました。
引き続きよろしくお願い申し上げます。
ますびと商店"
,
"キャンセルしたい

キャンセルの理由：ロッドの長さについて再検討したいので","お客様
いつも大変お世話になっております。
当店をご利用いただきありがとうございます。
ご注文キャンセルの旨、承知しました。
また機会がございましたらよろしくお願い申し上げます。
ますびと商店"
,
"キャンセルしたい

キャンセルの理由：カードの上限が来て購入できませんでした。","お客様
いつも大変お世話になっております。
当店をご利用いただきありがとうございます。
ご注文キャンセルの旨、承知しました。
また機会がございましたらよろしくお願い申し上げます。
ますびと商店"
,
"交換したい（店舗都合）

交換の理由：ハンドルを回す度に1cm程戻る（逆回転する）
※不具合がある商品の写真を添付してください","お客様
いつも大変お世話になっております。
当店をご利用いただきありがとうございます。
本件、ご不便をおかけし大変申し訳ございません。
恐れ入りますが、現品を確認のうえご対応させていただきたく存じます。
お手数ですが下記までご返送いただけますでしょうか。

〒180-0011
東京都武蔵野市八幡町1-1-3-203
ますびと商店
TEL：0422-66-2710

何卒よろしくお願い申し上げます。
ますびと商店"
,
"ツインパワーc2000sの商品が特別価格とそうでない商品があります。
何か商品に違いがありますか？","お客様
いつも大変お世話になっております。
お問い合わせありがとうございます。
仕入価格などの当店都合にて商品ページを分けておりますが、
手配させていただく商品は同じです。
何卒よろしくお願い申し上げます。
ますびと商店"
,
お忙しい中失礼いたします。アブガルシア エラディケーター リアルフィネス プロトタイプ ERFS-46Pro-ST こちらの商品の購入を検討しています。ますびと商店さんからの購入は初になりますので商品について質問をさせて下さい。こちらの商品は新品・未使用・未開封品でしょうか？（失礼な質問で申し訳ございません）　在庫は最後の１本でしょうか？　お手数をおかけいたしますが御返答宜しくお願い致します。,"お客様
いつも大変お世話になっております。
お問い合わせありがとうございます。
こちらの商品は新品未開封になります。
（当店は通販専門につき展示品はございません）
また、在庫は3本ございます。
ご検討の程よろしくお願い申し上げます。
ますびと商店"
,
"キャンセルしたい

キャンセルの理由：
間違えて購入してしまいました。","お客様
いつも大変お世話になっております。
当店をご利用いただきありがとうございます。
ご注文キャンセルの旨、承知しました。
また機会がございましたらよろしくお願い申し上げます。
ますびと商店"
,
"その他について確認したい

お世話になってます
前日購入したプレイズ600を本日
PEﾗｲﾝを上州屋で巻いてもらったら異音がすると言われました
とうぶん釣り行く予定がなくメーカーで見てもらいたいのですが、領収書が必要と言われました
領収書の発行をお願いできますか？","お客様
いつも大変お世話になっております。
当店にてお買い求めいただきありがとうございます。
本件、ご不便おかけし誠に申し訳ございません。
領収書は楽天市場内、ご注文履歴からダウンロードしていただけます。
何卒よろしくお願い申し上げます。
ますびと商店"
,
"キャンセルしたい

キャンセルの理由：誤って注文した・

お世話になっております。
現在ご注文済みの下記商品についてご相談がありご連絡差し上げました。
注文番号404987-20260324-0403515523

こちらの都合で大変申し訳ございませんが、この注文のキャンセルを希望しており
貴店では購入者都合でキャンセルをすることが可能かどうかお聞かせください。
キャンセル不可の条件がございましたら従いますので、ご教示いただければ幸いです。

お忙しいところ恐縮ですが、何卒よろしくお願い申し上げます。

ZenGroup株式会社　ナウモウタラス","お客様
いつも大変お世話になっております。
当店をご利用いただきありがとうございます。
ご注文キャンセルの旨、承知しました。
また機会がございましたらよろしくお願い申し上げます。
ますびと商店"
,
"交換したい（店舗都合）

交換の理由：竿が折れていた。梱包［ダンボール]にも破損と、他の箇所と異なるテープで補修されていたので、運搬中の破損の可能性もある。交換して下さい。明日から出張のため、返送が必要な場合は、来週になります。商品の写真を添付しようとしてますが、スマホ画面で確認できていません。再送が必要なら連絡下さい。","お客様
いつも大変お世話になっております。
当店をご利用いただきありがとうございます。
本件、ご不便おかけし誠に申し訳ございません。
配送業者にはすでにご連絡いただきましたでしょうか。
交換品をお届け時に不具合品と交換させていただく予定です。
ご確認の程よろしくお願いいたします。
ますびと商店"
配送業者には連絡していません。そちらからの発送時に、「交換品の配達時に不良品引き上げ」を指定する事はできませんか？,"お客様
ご確認ありがとうございます。
当店より佐川急便社に連絡の上、ご対応させていただきます。
また、今週中には交換品を発送させていただく予定です。
何卒よろしくお願い申し上げます。
ますびと商店"
,
"Hi seller, is this brand new rod? May I have the estimated shipping package weight and size in Length × Width × Height (L × W × H) please, i need to give this details to my shipping provider to ship cross border, Thank you.","お客様
いつも大変お世話になっております。
お問い合わせありがとうございます。
こちらの商品は新品です。
梱包サイズはおおよそですが135×15×15（cm）といったところです。
よろしくお願いいたします。
ますびと商店"
,
"キャンセルしたい

gサイズを間違えてしまいました。一度キャンセルもしくは2gを10gに変更可能でしょうか？","お客様
いつも大変お世話になっております。
当店をご利用いただきありがとうございます。
商品の変更につきましては、一度キャンセルのうえ再度ご注文いただく形になります。
取り急ぎキャンセルさせていただきます。
引き続きよろしくお願い申し上げます。
ますびと商店"
,
"キャンセルしたい

キャンセルの理由：違う場所で買うため","お客様
いつも大変お世話になっております。
当店をご利用いただきありがとうございます。
ご注文キャンセルの旨、承知しました。
また機会がございましたらよろしくお願い申し上げます。
ますびと商店"
,
"その他について確認したい

本日届きました。早い出荷ありがとうございます
鯵道5g 682m を購入したのですがトップガイドにスレッドが掛かっていないように見えるのですが大丈夫でしょうか？","お客様
いつも大変お世話になっております。
当店をご利用いただきありがとうございます。
本件、大変申し訳ございません。
初期不良に該当すると思われますので、メーカー確認のうえ
交換品を手配させていただきます。
少々お時間くださいませ。（3/24発送予定です）
何卒よろしくお願い申し上げます。
ますびと商店"
,"お客様
いつも大変お世話になっております。
先日、交換品をメーカーより発送させていただきました。
ご連絡が遅くなり申し訳ございません。
返送用の送り状も添えておりますので、お受け取り時にドライバーさんに不具合品をお渡しください。
（ドライバーさんにもわかるようにしております）
この度は大変申し訳ございませんでした。
何卒よろしくお願い申し上げます。
ますびと商店"
,
"キャンセルしたい

キャンセルの理由：メジャークラフト ジャイアントキリング ベンドゲーム GKBGLJ-S62Mこの商品をGKBGLJ-B62Mこれだと勘違いして注文してしまいました","お客様
いつも大変お世話になっております。
当店をご利用いただきありがとうございます。
ご注文キャンセルの旨、承知しました。
また機会がございましたらよろしくお願い申し上げます。
ますびと商店"
,
"キャンセルしたい

キャンセルの理由：","お客様
いつも大変お世話になっております。
当店をご利用いただきありがとうございます。
ご注文キャンセルの旨、承知しました。
また機会がございましたらよろしくお願い申し上げます。
ますびと商店"
,
"交換したい（店舗都合）

交換の理由：電池キャップ内部爪破損

商品到着後、説明書通りコインでキャップを外した際にキャップ内固定爪？がぽろっと落ちてきた。
無理な取り外しはしてないと思いますが、、。

写真を2枚添付しました。
ご確認お願いいたします。","お客様
いつも大変お世話になっております。
当店をご利用いただきありがとうございます。
本件、ご不便をおかけし大変申し訳ございません。
恐れ入りますが、現品を確認のうえご対応させていただきたく存じます。
お手数ですが下記までご返送いただけますでしょうか。

〒180-0011
東京都武蔵野市八幡町1-1-3-203
ますびと商店
TEL：0422-66-2710

何卒よろしくお願い申し上げます。
ますびと商店"
"ご連絡ありがとうございます。
承知しました。
発送費用はどちら持ちになりますでしょうか。","先ほど発送しました。
明日到着予定とのことです。
よろしくお願いいたします。"
,"お客様
いつも大変お世話になっております。
早速のご対応ありがとうございます。
31日（火）にご確認させていただきます。
引き続きよろしくお願い申し上げます。
ますびと商店"
,"お客様
いつも大変お世話になっております。
ご返送品を確認させていただきました。
製品不具合にてご不便をおかけし誠に申し訳ございません。
本件は返品・返金でも問題無いのですが、交換でよろしかったでしょうか。
ご確認の程よろしくお願い申し上げます。
ますびと商店"
,
"配送について

本日お昼にも連絡させていただいたんですが品番を誤って購入したため返品させていただけますでしょうか。","お客様
いつも大変お世話になっております。
当店をご利用いただきありがとうございます。
返品ご希望の旨、承知しました。
【送料元払い】にて下記までご返送ください。

〒180-0011
東京都武蔵野市八幡町1-1-3-203
ますびと商店
TEL：0422-66-2710

何卒よろしくお願い申し上げます。
ますびと商店"
"お忙しいところ恐れ入ります。ご返信ありがとうございます。
再度検討し、このまま購入させていただくことにいたしました。
ややこしいことを申し上げてしまい、申し訳ございません。","お客様
いつも大変お世話になっております。
お返事が遅くなり申し訳ございません。
そのままご使用とのこと承知いたしました。
その他お困りごとがございましたらお気軽にお申し付けください。
何卒よろしくお願い申し上げます。
ますびと商店"
,
いじりまわされた展示品ですか？,"お客様
いつも大変お世話になっております。
お問い合わせありがとうございます。
当店は通販専門ですので展示品はございません。
ご検討の程よろしくお願い申し上げます。
ますびと商店"
,
"交換したい（店舗都合）

交換の理由：
トップガイドの向きがずれているので。
このような仕様なら仕方ないとは思いますが？
※不具合がある商品の写真を添付してください","お客様
いつも大変お世話になっております。
当店をご利用いただきありがとうございます。
本件につきまして、スパイラルガイドの仕様となっておりますが
そのうえでガイドの向きにズレがありますでしょうか。
ご確認の程よろしくお願い申し上げます。
ますびと商店"
スパイラル仕様で回転している部分には問題はありませんがガイドが下向きになって方向が揃うところでトップガイドだけがずれています。,"お客様
いつも大変お世話になっております。
お返事が遅くなり申し訳ございません。
本件、メーカーに確認させていただきたく、
すべてのガイドが写っているお写真をいただくことは可能でしょうか。
（その際にトップガイドが真上を向くようにしていただきたいです）
お手数ですが何卒よろしくお願い申し上げます。
ますびと商店"
これでわかりますか？？もう一枚送っておきます。トップガイドが上にくるとこんな感じです。,"お客様
いつも大変お世話になっております。
お返事が遅くなり誠に申し訳ございません。
ご記載の通り、トップガイドの取り付け不良かと存じます。
メーカーに確認のうえ、交換品を手配させていただきます。
（今のところ24日発送予定です）
何卒よろしくお願い申し上げます。
ますびと商店"
,"お客様
いつも大変お世話になっております。
先日、交換品をメーカーより発送させていただきました。
ご連絡が遅くなり申し訳ございません。
返送用の送り状も添えておりますので、お受け取り時にドライバーさんに不具合品をお渡しください。
（ドライバーさんにもわかるようにしております）
この度は大変申し訳ございませんでした。
何卒よろしくお願い申し上げます。
ますびと商店"
,
"返金してほしい（店舗都合）

返金の理由リールのラインをだすためのスプールのボタンが押しても戻ってくる
普通ハンドルを回さない戻らないはずです
こんなん使い物にならない",
ラインは巻いてあるけど使用はしていません、別の買ったから返金対応お願いします,"お客様
いつも大変お世話になっております。
昨日はお電話にてありがとうございました。
お手数ですがご返送の程よろしくお願い申し上げます。
ますびと商店"
返金依頼して商品送ったけどもう到着してますよね？音沙汰ないけどどうなってんの？,"お客様
いつも大変お世話になっております。
ご対応にお時間がかかっており申し訳ございません。
明日現品を確認のうえ、ご対応させていただきます。
お時間いただき申し訳ございませんが、何卒よろしくお願い申し上げます。
ますびと商店"
,"お客様
いつも大変お世話になっております。
本件、ご対応が遅くなり申し訳ございません。
ご返金手続きをさせていただきました。
また、ラインのご対応につきましては別途ご連絡させていただきます。
何卒よろしくお願い申し上げます。
ますびと商店"
インのご対応につきましては別途ご連絡させていただきます。つて言ってるが音沙汰ないけど、どうなってますの？,"お客様
いつも大変お世話になっております。
ご連絡が遅くなり申し訳ございません。
クラッチがすぐに戻ってしまう症状ですが、右隣のレバーの操作によって
クラッチのモードを切り替えることができそうでして
それが仕様通りなのかメーカーにお問い合わせしているところでした。
本日中にはメーカーに回答をいただきますのでもうしばらくお待ちいただけますでしょうか。
何卒よろしくお願い申し上げます。
ますびと商店"
,
"キャンセルしたい

キャンセルの理由：折角購入させて頂いたのにすいません。今週の釣りの予定が無くなったのでキャンセルさせて下さい。また予定ができた時に購入させてください。","お客様
いつも大変お世話になっております。
当店をご利用いただきありがとうございます。
ご注文キャンセルの旨、承知しました。
また機会がございましたらよろしくお願い申し上げます。
ますびと商店"
,
"フォースマスター600を購入いたしました。リールを巻くとシャリシャリと音がします、またフォールレバーを操作する際にスムーズではなくところどころ引っ掛かりがあります。
店舗で操作してみてもそのような挙動はなかったので初期不良かと思います。通電もしていない未使用状態ですので、別の個体と交換していただけないでしょうか？","お客様
いつも大変お世話になっております。
当店をご利用いただきありがとうございます。
本件、ご不便をおかけし大変申し訳ございません。
恐れ入りますが、現品を確認のうえご対応させていただきたく存じます。
お手数ですが下記までご返送いただけますでしょうか。

〒180-0011
東京都武蔵野市八幡町1-1-3-203
ますびと商店
TEL：0422-66-2710

何卒よろしくお願い申し上げます。
ますびと商店"
"ご連絡ありがとうございました。
承知いたしました。
発送方法につきましては着払いでよろしいでしょうか？","お客様
ご確認ありがとうございます。
送料は着払いで結構です。
引き続きよろしくお願い申し上げます。
ますびと商店"
"先日日本郵政にて発送いたしました。本日到着予定とのことです。
一点ご相談ですが、今週末には購入したリールを使う予定でした、ライン巻きも必要ですのでお早めにお手配いただけますでしょうか？もしくは3号ラインを巻いていただくサービスなどありましたら、案内していただけますと幸いです。
お手数おかけいたしますがどうぞよろしくお願い致します。","お客様
いつも大変お世話になっております。
お返事が遅くなり申し訳ございません。
ご返送品につきましては、明日現品を確認させていただきまして
最短で23日（月）のご発送となります。
また、ラインにつきましては別途ご注文いただきましたら糸巻きのご対応も可能です。
（その際はご注文後に注文番号をご教示くださいませ）
以上、ご確認の程よろしくお願い申し上げます。
ますびと商店"
"ご連絡ありがとうございました。
今週間に合わないようでしたら購入は控えたいと思います。
また前回は保証書に店名と、購入日の記載がなかったのでそちらも合わせて記入いただきご対応いただければ幸いです。",
"お世話なっております。
今週には使用したいのでお手数ですがご発送のほどよろしくお願いします。","お客様
いつも大変お世話になっております。
お待たせしました。
ご釣行を考慮しまして、検品済みの交換品を本日発送させていただきます。
また、保証書に記入・押印はいたしかねますが領収書があれば問題ございません。（楽天市場内でダウンロードしていただけます）
何卒よろしくお願い申し上げます。
ますびと商店"
,
"キャンセルしたい

キャンセルの理由：種類を間違えた","お客様
いつも大変お世話になっております。
当店にてお買い上げいただき誠にありがとうございます。
恐れ入りますが、当日キャンセル締め切り後のご連絡につきご対応いたしかねます。
申し訳ございません。
返品をご希望の場合はお受け取りのうえ別途お申しつけくださいませ。
何卒よろしくお願い申し上げます。
ますびと商店"
,
"この度はお世話になります。
注文品を間違えました。今質問しているページの網に変更して欲しいです。よろしくお願いします。","お客様
いつも大変お世話になっております。
当店をご利用いただきありがとうございます。
恐れ入りますが、元のご注文番号をご教示いただけますでしょうか。
何卒よろしくお願い申し上げます。
ますびと商店"
"注文番号
404987-20260310-0474212272

です。よろしくお願いします。","お客様
ご確認ありがとうございます。
恐れ入りますが、当日キャンセル締め切り後のお申し出につき、
返品・返金のうえ再度ご注文いただく流れとなります。
（送料元払いでのご返送となります）
よろしければご返信いただけますでしょうか。
何卒よろしくお願い申し上げます。
ますびと商店"
やっぱり使うことにします。お手数かけました。ごめんなさい。,"お客様
いつも大変お世話になっております。
早速のご確認ありがとうございます。
そのままご使用とのこと承知しました。
また機会がございましたらよろしくお願いいたします。
ますびと商店"
,
この竿は重量は102gとABUサイトに掲載されてましたが202gなんですか？,"お客様
いつも大変お世話になっております。
当店をご利用いただきありがとうございます。
本件、ご不便をおかけし誠に申し訳ございません。
メーカーに確認が取れまして、
『102g』が正しい情報とのことです。
（他店様のサイトでも誤りがございますが、メーカーの方で修正があったようです）
何卒よろしくお願い申し上げます。
ますびと商店"
,
こっちは在庫ありますか？,"お客様
お問い合わせありがとうございます。
こちらの商品は在庫がございます。
基本的にお買い求めいただける状態の商品は在庫ありになります。
何卒よろしくお願い申し上げます。
ますびと商店"
,
在庫まだありますか？？,"お客様
いつも大変お世話になっております。
お問い合わせありがとうございます。
こちらの商品は在庫がございます。
ご検討の程よろしくお願い申し上げます。
ますびと商店"
2、3日時間頂けますか？,"お客様
ご確認ありがとうございます。
恐れ入りますが、在庫のお取り置きはご対応いたしかねます。
大変申し訳ございません。
何卒よろしくお願い申し上げます。
ますびと商店"
,
"キャンセルしたい

キャンセルの理由：
間違えて注文をしてしまいました。","お客様
いつも大変お世話になっております。
当店にてお買い上げいただき誠にありがとうございます。
恐れ入りますが、発送後のご連絡につきご対応いたしかねます。
申し訳ございません。
返品をご希望の場合はお受け取りのうえ別途お申しつけくださいませ。
何卒よろしくお願い申し上げます。
ますびと商店"
ご連絡ありがとうございます。受け取り後こちらで返送料を負担すればご対応していただく事は可能でしょうか？,"お客様
いつも大変お世話になっております。
ご確認ありがとうございます。
送料元払いにて返送いただけましたら問題ございません。
引き続きよろしくお願い申し上げます。
ますびと商店"
"ご連絡ありがとうございます。
お騒がせしましたが、このまま使うことにしましたので返送の件は無かったことにしていただきたいと思います。
この度はありがとうございました。","お客様
ご確認ありがとうございます。
このままご使用いただけるとのこと、承知しました。
その他お困りごとがございましたらお申し付けください。
何卒よろしくお願い申し上げます。
ますびと商店"
,
"指紋が付いた商品が届いたとレビューにありますが、開封済み商品、または展示品だから特別価格ということでしょうか？
もしくは検品作業をしているためでしょうか？","お客様
いつも大変お世話になっております。
お問い合わせありがとうございます。
当店は通販専門ですので、展示品はございません。
また、基本的に新品未開封での発送となっております。
一方で未開封でも指紋が付いていることはございますのでその点はご理解ください。
（メーカーの仕上げ・過去の流通など）
ご検討の程よろしくお願い申し上げます。
ますびと商店"
,
"お届け日時を変更したい

どれぐらいで発送されますでしょうか？","お客様
いつも大変お世話になっております。
当店にてお買い上げいただき誠にありがとうございます。
ご注文の商品は本日発送にて手配を進めております。
商品のお届けまでもうしばらくお待ちくださいませ。
何卒よろしくお願い申し上げます。
ますびと商店"
,
"お聞きしたいのですが、こちらの商品についていくつかお聞きしたいのですが、もし説明を見逃していたらすいません
右ハンドルか？
PE LINEはついないのか？
何年式？
保証はありますか？
電動リールのコードは付属？
返答宜しくお願いします","お客様
いつも大変お世話になっております。
お問い合わせありがとうございます。
お返事が遅くなり申し訳ございません。
・右ハンドルです
・ラインは付属しません
・2019年発売のモデルです
・1年間のメーカー保証書が付属します
・コードは付属しています
ご検討の程よろしくお願い申し上げます。
ますびと商店"
"前回とはサイズ違いのプレイズ3000についてお聞きしたいのですが、
右ハンドルか？
PE LINEはついないのか？
何年式？
保証はありますか？
電動リールのコードは付属？
返答宜しくお願いします
ちなみに三年釣りをしてなくてルールがわからないのですが、私は
この電動リールにPE4号を巻いてヤリイカ、スルメ、ワラサ、外房のヒラメを考えてますが適してますか？
プレイズ1000だとラインが300メートルで心細いので3000を考えてます",
"たびたびすいません
こちらのプレイズ3000が何年式か
教えてもらえますか？
古いタイプはイカの多点掛けの時パワー不足との事なので、宜しくお願いします","お客様
いつも大変お世話になっております。
ご確認ありがとうございます。
恐れ入りますが、商品に相違が無いよう
商品ページのURLもしくが商品コードをご教示いただけますでしょうか。
何卒よろしくお願い申し上げます。
ますびと商店"
"失礼しました
こちらのプレイズ3000です

商品番号　sale4969363046666

お手数おかけします","お客様
いつも大変お世話になっております。
お返事が遅くなり申し訳ございません。
右ハンドルか：右ハンドルです
PE LINEはついないのか？：付属しません
何年式？：2024年発売のモデルです
保証はありますか？：メーカー保証書が付属します
電動リールのコードは付属？：付属します
ご記載の釣法には適しております
以上、ご検討の程よろしくお願い申し上げます。
ますびと商店"
,
"その他について確認したい

商品が届いて確認したのですがリールだけでジグが全て入っていませんでした。
ジグは別配送となるのでしょうか。
確認をお願い致します。
佐藤",
"別配送にてジグも届きました
ありがとうございました。","お客様
いつも大変お世話になっております。
ご連絡いただきありがとうございます。
リールとジグが別倉庫からの配送につき、ご不便をおかけし誠に申し訳ございません。
また機会がございましたらよろしくお願い申し上げます。
ますびと商店"
,
"キャンセルしたい

キャンセルの理由：間違えて注文しました。キャンセルをお願いします。","お客様
いつも大変お世話になっております。
当店をご利用いただきありがとうございます。
ご注文キャンセルの旨、承知しました。
また機会がございましたらよろしくお願い申し上げます。
ますびと商店"
"キャンセルしたい

キャンセルの理由：諸事情により","お客様
いつも大変お世話になっております。
当店をご利用いただきありがとうございます。
ご注文キャンセルの旨、承知しました。
また機会がございましたらよろしくお願い申し上げます。
ますびと商店"
,
"キャンセルしたい

キャンセルの理由：リールのサイズ等いま一度検討させて下さい","お客様
いつも大変お世話になっております。
当店をご利用いただきありがとうございます。
ご注文キャンセルの旨、承知しました。
また機会がございましたらよろしくお願い申し上げます。
ますびと商店"
,
"キャンセルしたい

キャンセルの理由：大変申し訳ございません。
キャンセルさせていただきたいです。
よろしくお願いいたします。","お客様
いつも大変お世話になっております。
当店にてお買い上げいただき誠にありがとうございます。
恐れ入りますが、当日キャンセル締め切り後のご連絡につきご対応いたしかねます。
申し訳ございません。
返品をご希望の場合はお受け取りのうえ別途お申しつけくださいませ。
何卒よろしくお願い申し上げます。
ますびと商店"
,
"キャンセルしたい

キャンセルの理由：すみませんが間違えて注文をしてしまいました。","お客様
いつも大変お世話になっております。
当店をご利用いただきありがとうございます。
ご注文キャンセルの旨、承知しました。
また機会がございましたらよろしくお願い申し上げます。
ますびと商店"
,
"キャンセルしたい

キャンセルの理由：誤って２回注文をしてしまいました。ごめんなさい。","お客様
いつも大変お世話になっております。
当店をご利用いただきありがとうございます。
ご注文キャンセルの旨、承知しました。
また機会がございましたらよろしくお願い申し上げます。
ますびと商店"
,
"配送について

大まかな納期はわかりますでしょうか","お客様
いつも大変お世話になっております。
当店にてお買い上げいただき誠にありがとうございます。
ご注文の商品は24日に発送いたしました。
25-26日のお届け予定となります。
何卒よろしくお願い申し上げます。
ますびと商店"
,
"配送について

初めてまして。ゼノン3000shの納期はいつ頃予定でしょうか？","お客様
いつも大変お世話になっております。
当店にてお買い上げいただき誠にありがとうございます。
ご注文の商品は昨日（24日）に発送いたしました。
商品のお届けまでもうしばらくお待ちくださいませ。
何卒よろしくお願い申し上げます。
ますびと商店"
,
ロッドを注文したいのですが、佐川急便の営業所留め置きは可能でしょうか,"お客様
いつも大変お世話になっております。
お問い合わせありがとうございます。
こちらの商品は佐川急便での営業所止めが可能ですので、
ご希望の際はご注文時に備考欄にその旨をご記載ください。
ご検討の程よろしくお願い申し上げます。
ますびと商店"
,
"配送について

2/20に購入しましたがいつ頃到着になりますか？","お客様
いつも大変お世話になっております。
当店にてお買い上げいただき誠にありがとうございます。
ご注文の商品は昨日発送いたしました。
商品のお届けまでもうしばらくお待ちくださいませ。
何卒よろしくお願い申し上げます。
ますびと商店"
,
こちらの商品に保証書はついていますか？,"お客様
いつも大変お世話になっております。
お問い合わせありがとうございます。
こちらの商品はメーカー保証書が付属しております。
ご検討の程よろしくお願い申し上げます。
ますびと商店"
,
"キャンセルしたい

キャンセルの理由：発送までが遅すぎ","お客様
いつも大変お世話になっております。
当店をご利用いただきありがとうございます。
ご注文キャンセルの旨、承知しました。
また機会がございましたらよろしくお願い申し上げます。
ますびと商店"
,
"キャンセルしたい

キャンセルの理由：商品を間違えた","お客様
いつも大変お世話になっております。
当店をご利用いただきありがとうございます。
ご注文キャンセルの旨、承知しました。
また機会がございましたらよろしくお願い申し上げます。
ますびと商店"
,
"その他について確認したい

お世話になります。先日商品の方が届きました。ありがとうございました。
確認ですが届きました電動リールのフォールブレーキダイヤルが全く動かないのですが不具合でしょうか？
バッテリーをつなげた状態でも動きません。
ご返答の方、よろしくお願いいたします。","お客様
いつも大変お世話になっております。
当店をご利用いただきありがとうございます。
本件、ご不便をおかけし大変申し訳ございません。
フォールブレーキダイヤルそのものが「回らない」ということでよろしいでしょうか。
（ダイヤルが固着しているのでしょうか）
恐れ入りますが、ご確認の程よろしくお願い申し上げます。
ますびと商店"
お世話になります。届いた状態でダイヤルが固着していまして全く動かないです。ジョグダイヤルは作動しました。ダイワへ問い合わせたところ通常は動くとのことでしたので問い合わせしました。,"お客様
いつも大変お世話になっております。
ご確認いただきありがとうございます。
恐れ入りますが、現品を確認のうえご対応させていただきたく存じます。
お手数ですが下記までご返送いただけますでしょうか。

〒180-0011
東京都武蔵野市八幡町1-1-3-203
ますびと商店
TEL：0422-66-2710

何卒よろしくお願い申し上げます。
ますびと商店"
"本日佐川急便にて発送いたします。
よろしくお願いいたします。","お客様
いつも大変お世話になっております。
返送品を受領し、確認させていただきました。
おっしゃるようにメカニカルブレーキのダイヤルが全く動きませんね…。
ただいまメーカーに確認しておりますのでもうしばらくお待ちくださいませ。
何卒よろしくお願い申し上げます。
ますびと商店
"
,"お客様
いつも大変お世話になっております。
本件、お時間がかかっており申し訳ございません。
メーカーに確認させていただきましたが、やはり初期不良の可能性が高いとのことでした。
ご対応につきましては交換／返金のどちらがよろしいでしょうか。
ご確認の程よろしくお願い申し上げます。
ますびと商店"
"お世話になります。
商品交換で対応していただきたいです。
よろしくお願いいたします。","お客様
ご確認ありがとうございます。
交換対応にて手配を進めさせていただきます。
何卒よろしくお願い申し上げます。
ますびと商店"
釣行予定があるのでおおよそいつ頃になるかわかりましたらご連絡お願いいたします,"お客様
いつも大変お世話になっております。
交換品は11日（水）に発送させていただきました。
無事お受け取りいただけましたでしょうか。
ご確認の程よろしくお願い申し上げます。
ますびと商店"
,
"交換したい（店舗都合）

交換の理由：
商品のページ（写真と商品説明）にオリーブと記載があったため、購入し、本日届きました。
届いた色はブラックでした。
良く確認したところ、写真の下の説明書きに、ブラックと記載がありました。
本来は、オリーブが欲しかったため、交換頂きたいです。
また、商品ページの記載修正をお願いします。

※不具合がある商品の写真を添付してください",
"本件、状況いかがでしょうか？
今週末利用予定なのですが。","お客様
いつも大変お世話になっております。
本件、ご不便をおかけし大変申し訳ございません。
またお返事が遅くなり誠に申し訳ございません。
もちろん交換させていただきますので
お手元の商品を下記までご返送いただけますでしょうか。

〒180-0011
東京都武蔵野市八幡町1-1-3-203
ますびと商店
TEL：0422-66-2710
（送料は着払いにて）

何卒よろしくお願い申し上げます。
ますびと商店"
,"五月雨式に失礼いたします。
3連休のご釣行にも間に合わせられず、重ねてお詫び申し上げます。
誠に申し訳ございません。
お気持ちばかりではございますがお詫びの品をお送りさせていただきます。
（アブガルシア タンブラー）
何卒よろしくお願い申し上げます。
ますびと商店"
"ご確認及びご連絡ありがとうございます。
先ほど、下記の通り返送致しました。
ご確認の程、宜しくお願い致します。

ヤマト運輸
送り状番号: 4999-1607-1185
届け日: 2/26",
交換商品は、いつ頃届けていただけますか？,"お客様
いつも大変お世話になっております。
ご確認いただきありがとうございます。
交換品・お詫びの品、ともの明日の発送予定となっております。
お時間がかかり申し訳ございません。
何卒よろしくお願い申し上げます。
ますびと商店"
"昨日、交換品とタンブラーが届きました。
交換対応頂きありがとうございました。","お客様
ご丁寧にありがとうございます。
この度はご不便をおかけし、誠に申し訳ございませんでした。
スタッフ一同、サービスの改善に尽力してまいります。
何卒よろしくお願い申し上げます。
ますびと商店"
,
"キャンセルしたい

キャンセルの理由：","お客様
いつも大変お世話になっております。
当店をご利用いただきありがとうございます。
ご注文キャンセルの旨、承知しました。
また機会がございましたらよろしくお願い申し上げます。
ますびと商店"
,
"返金してほしい（店舗都合）

返金の理由：
スローで巻いた時のガタツキがあまりにも酷いため返品したい。","お客様
いつも大変お世話になっております。
当店をご利用いただきありがとうございます。
本件、ご不便をおかけし大変申し訳ございません。
恐れ入りますが、現品を確認のうえご対応させていただきたく存じます。
お手数ですが下記までご返送いただけますでしょうか。

〒180-0011
東京都武蔵野市八幡町1-1-3-203
ますびと商店
TEL：0422-66-2710

何卒よろしくお願い申し上げます。
ますびと商店"
"発送後に再度連絡致します。
近日中に対応します。",
"下記で発送しました。

ヤマト着払い
16日午前着
4669-6530-7631","お客様
いつも大変お世話になっております。
早速のご対応ならびにご連絡いただきありがとうございます。
18日（水）に現品確認のうえ、ご対応させていただきます。
何卒よろしくお願い申し上げます。
ますびと商店"
,"お客様
いつも大変お世話になっております。
ご返送品を確認させていただきました。
回転不良（シャリ感・がたつき）を確認できましたので返金手続きを進めさせていただきます。
この度は誠に申し訳ございません。
何卒よろしくお願い申し上げます。
ますびと商店"
,
"キャンセルしたい

キャンセルの理由：サイズを間違えていました。","お客様
いつも大変お世話になっております。
当店をご利用いただきありがとうございます。
ご注文キャンセルの旨、承知しました。
また機会がございましたらよろしくお願い申し上げます。
ますびと商店"
,
"初めまして。
LSFM400にメジャークラフトランディングシャフトアームが取り付けることが出来るのでしょうか？。
宜しくお願いします。","お客様
いつも大変お世話になっております。
お問い合わせありがとうございます。
当該商品は取り付け可能です。
ご検討の程よろしくお願い申し上げます。
ますびと商店"
,
"交換したい（店舗都合）

交換の理由
--------------------
お世話になっております。
本日、注文しておりました「シマノ　ツインパワー」を受領いたしました。

商品の状態を確認したところ、一点ご相談がございます。
リールの回転動作を確認したところ「シャー音（回転異音）」が発生しておりました。

実は、昨年家族が購入した同機種（同一モデル）を既に一台所有しており、動作を比較したのですが、既存の個体では発生しないシャー音が、今回届いた個体では明らかに確認できます。
個体差による初期不良（メカニカルな異音）の可能性が高いと考えておりますが、発送前に異音の有無等の検品は行われておりますでしょうか。

商品自体は購入を希望しておりますので、正常な個体への「交換」は可能でしょうか。

お忙しい中恐縮ですが、交換可否および今後の対応についてご教示いただけますでしょうか。
何卒よろしくお願い申し上げます。","お客様
いつも大変お世話になっております。
当店をご利用いただきありがとうございます。
本件、ご不便をおかけし大変申し訳ございません。
恐れ入りますが、現品を確認のうえご対応させていただきたく存じます。
（当店で初期不良の判断が難しい場合はメーカー預かりにて検査・調整させていただきます）
お手数ですが下記までご返送いただけますでしょうか。

〒180-0011
東京都武蔵野市八幡町1-1-3-203
ますびと商店
TEL：0422-66-2710

何卒よろしくお願い申し上げます。
ますびと商店"
"ご返信ありがとうございます。
発送は着払いでよろしいでしょうか？",
"発送につきまして、可能であれば本日中にご返信いただけると助かります。
よろしくお願いいたします。","お客様
お返事が遅くなり申し訳ございません。
初期不良の疑いにつき、着払いで問題ございません。
引き続きよろしくお願い申し上げます。
ますびと商店"
"今後の流れについての確認ですが、
商品は本日18時以降に発送いたします。

私の手元(家族含め2名で確認)では明らかにシャー音が発生しており、
再点検後に返送いただいても不安があります。

つきましては、
当方から送った商品を受け取り次第、同一商品の別個体を発送していただくことは可能でしょうか？",
"対応は難しそうでしょうか？
一度注文キャンセル(返品)とした方がよいでしょうか？",
"只今商品を発送させて頂きました。
商品到着予定は2/13(金)です。
取り扱い(別個体発送)につきまして、ご連絡お待ちしております。
よろしくお願いいたします。",
"お世話になります。
別個体発送が可能であるか否かだけでもよろしいのでおしえて頂くことは可能でしょうか？
よろしくお願いいたします。","お客様
いつも大変お世話になっております。
本件、お返事が遅くなり大変申し訳ございません。
こちらの商品は在庫がございますので、返送品を確認させていただき
あきらかな不具合品でしたら手配させていただきます。
何卒よろしくお願い申し上げます。
ますびと商店"
"ご返信ありがとうございます。
こちら2名で所有個体と巻き比べて2名とも巻感や巻き音に明らかに違いを感じたので返品(別個体を希望)させて頂きましたが、そちらで「あきらかな不具合でしたら」ということは、貴社の判断によっては同じ個体を購入しなければならないことがあるということでしょうか？
同じ個体しか購入させて頂けない場合は返品(返金)対応して頂くことは可能でしょうか？","お客様
ご確認ありがとうございます。
弊社の判断のみで不良か否かを決めることはできず、もちろんそれではご納得いただけないかと存じますので
判断が難しい場合はメーカー預かりでの検査をご案内しております。
（メーカー検査のうえ、不良に該当しなくてもできる限りの調整がされて戻ってきます）
恐れ入りますが、最終的に初期不良かどうか判断するのは当店でもお客様でもなくメーカーになります。その点のみご理解くださいませ。
ただ一方で、そこまでおっしゃっていますので初期不良に該当する可能性が高いとも思っております。
お手数ですがご返送の程よろしくお願い申し上げます。
ますびと商店"
"ご返信ありがとうございます。
上のメッセージにあるように2/10に指定された宛先へ発送を済ませています。

〒180-0011
東京都武蔵野市八幡町1-1-3-203
ますびと商店

商品の発送番号は、
4980-8261-9086
でして、ステータスは西東京東伏見営業所（武蔵野中央）

配達完了
02月13日 10:07

と表示されていますが、商品が貴社に届いていないということでしょうか？",
お世話になります。返品させて頂いた商品は届いたでしょうか？,"お客様
いつも大変お世話になっております。
本件、ご対応にお時間がかかっており誠に申し訳ございません。
ご返送品は受領確認できておりまして、18日（水）に現品確認の上ご対応させていただきます。
何卒よろしくお願い申し上げます。
ますびと商店"
"ご連絡ありがとうございます。
商品が受領されており安心しました。
引き続きよろしくお願いいたします。","お客様
いつも大変お世話になっております。
返送品を確認させていただきました。
お時間がかかり申し訳ございません。
本件は交換にてご対応させていただきます。
今週中には検品のうえ交換品を発送いたします。
何卒よろしくお願い申し上げます。
ますびと商店"
"お世話になっております。
ご連絡及び検品のうえ交換品の発送対応ありがとうございます。
商品の到着をお待ちしております。
お手数をおかけしますが、よろしくお願いいたします。",
"お世話になっております。
只今商品を受け取りました。
商品の交換発送、メッセージのやり取り等、ご対応いただきありがとうございました。
ますびと商店さんから購入してよかったです。
レビューは★5で評価させていただきます。
また機会がありましたら、よろしくお願いいたします。","お客様
ご丁寧にありがとうございます。
この度はご不便をおかけし大変申し訳ございませんでした。
また機会がございましたらよろしくお願い申し上げます。
ますびと商店"
,
"返金してほしい（店舗都合）

返金の理由：初期不良
異音と回転の悪さ
近くの釣具屋さんで確認済み

電話しても誰も出ません
対応をお願いします

※不具合がある商品の写真を添付してください","お客様
いつも大変お世話になっております。
当店をご利用いただきありがとうございます。
本件、ご不便をおかけし大変申し訳ございません。
恐れ入りますが、現品を確認のうえご対応させていただきたく存じます。
お手数ですが下記までご返送いただけますでしょうか。

〒180-0011
東京都武蔵野市八幡町1-1-3-203
ますびと商店
TEL：0422-66-2710

何卒よろしくお願い申し上げます。
ますびと商店"
商品の確認はしていただきましたでしょうか？,"お客様
いつも大変お世話になっております。
お時間がかかっており誠に申し訳ございません。
ご返送品の受領確認は取れております。
18日（水）にご確認／ご対応させていただきます。
何卒よろしくお願い申し上げます。
ますびと商店"
"その後、どうなりましたでしょうか？
詐欺でしょうか？","お客様
いつも大変お世話になっております。
本件、ご不便をおかけし誠に申し訳ございません。
速やかに返金手続きを進めさせていただきます。
また、お気持ちばかりですがお詫びの品を送付させていただきます。
何卒よろしくお願い申し上げます。
ますびと商店"
,"お客様
いつも大変お世話になっております。
お詫びの品のご用意ができまして、本日発送させていただきたいのですが
お届け先はどちらがよろしいでしょうか。
恐れ入りますが、ご確認の程よろしくお願い申し上げます。
ますびと商店"
"対応が遅く、不信感が強かったのですが、わざわざお詫びの品を送ってくださることには感謝致します。
ありがとうございます。
リールの発送先と同じでお願いします。","お客様
ご丁寧にありがとうございます。
ご対応にお時間を要してしまい誠に申し訳ございませんでした。
本日の集荷が終わってしまったため、後日（今週中には）発送させていただきます。
（アブガルシアのタンブラーになります）
また、唐木様（長野県長野市）にお届けいたします。
何卒よろしくお願い申し上げます。
ますびと商店"
,
"配送について

発送はいつですか","お客様
いつも大変お世話になっております。
当店にてお買い上げいただき誠にありがとうございます。
ご注文の商品は本日いたします。
商品のお届けまでもうしばらくお待ちくださいませ。
何卒よろしくお願い申し上げます。
ますびと商店"
,
"キャンセルしたい

キャンセルの理由：申し訳ないですが必要無くなりましたのでキャンセルお願いいたします","お客様
いつも大変お世話になっております。
当店をご利用いただきありがとうございます。
ご注文キャンセルの旨、承知しました。
また機会がございましたらよろしくお願い申し上げます。
ますびと商店"
,
"その他について確認したい

先程、商品が届きましたが、段ボールが真っ二つに折れていました。佐川急便さん曰く悪天候のため大量の重量物と混載したため折れたそうで、商品に外傷はないもののかなりのテンションが掛かっているようなので佐川さんにお持ち帰り頂きました。","お客様
いつも大変お世話になっております。
当店をご利用いただきありがとうございます。
本件、ご不便をおかけし大変申し訳ございません。
本日交換品を発送させていただきます。
何卒よろしくお願い申し上げます。
ますびと商店"
,
"こちらの商品は展示品とかではない
新品の商品でしょうか?","お客様
いつも大変お世話になっております。
お問い合わせありがとうございます。
当店はすべて新品でして、通販専門ですので展示品もございません。
ご検討の程よろしくお願い申し上げます。
ますびと商店"
,
"その他について確認したい

こんにちは。
注文番号 404987-20260206-0618405713 の注文を行いました。
現在、受取人名が コテフ・アレクサンダル となっておりますが、
トドロフ・マルティン に変更していただきたいです。
以前にも注文を行いましたが、その際はキャンセルされてしまいました。
今回は問題なく、無事に確認・承認されることを願っております。
なお、支払いは マルティン・トドロフ によってすでに完了しております。
アカウントの登録自体は私名義ですが、現在私は日本にいないため、
実際の受取人および支払者はマルティン・トドロフとなります。
どうぞよろしくお願いいたします。
ありがとうございます。","お客様
いつも大変お世話になっております。
お客様情報の変更はいたしかねますので、一度キャンセルさせていただきます。
再度ご注文いただけますでしょうか。
何卒よろしくお願い申し上げます。
ますびと商店"
"こんにちは。
質問があります。
アレクサンダル・コテフのアカウントから注文をしたいのですが、支払いと受取人はマルティン・トドロフにしたいです。
これまでに2回注文を試みましたが、両方とも自動的に受取人がアレクサンダル・コテフになってしまいます。
どのようにすれば、希望する受取人と支払者に変更できますか？
よろしくお願いいたします。","お客様
ご確認ありがとうございます。
ご注文時にお届け先を入力してください。
よろしくお願いいたします。
ますびと商店"
,
"お届け先を変更したい

お届け先変更の理由：住所選択ミス","お客様
いつも大変お世話になっております。
当店をご利用いただきありがとうございます。
恐れ入りますが、一度キャンセルさせていただきますので
再度ご注文していただけますでしょうか。
何卒よろしくお願い申し上げます。
ますびと商店"
,
"キャンセルしたい

キャンセルの理由：間違えて商品を注文したため、キャンセルをお願いいたします。","お客様
いつも大変お世話になっております。
当店をご利用いただきありがとうございます。
ご注文キャンセルの旨、承知しました。
また機会がございましたらよろしくお願い申し上げます。
ますびと商店"
,
次回入荷はいつごろでしょうか？,"お客様
いつも大変お世話になっております。
お問い合わせありがとうございます。
恐れ入りますが、今のところ次回入荷は未定となっております。
何卒よろしくお願い申し上げます。
ますびと商店"
,
"キャンセルしたい

キャンセルの理由：申し訳ないですが必要無くなりましたのでキャンセルお願いいたします","お客様
いつも大変お世話になっております。
当店をご利用いただきありがとうございます。
ご注文キャンセルの旨、承知しました。
また機会がございましたらよろしくお願い申し上げます。
ますびと商店
"
,
"キャンセルしたい

キャンセルの理由：申し訳ございません。キャンセルさせていただきたいです。
よろしくお願いします。
","お客様
いつも大変お世話になっております。
当店にてお買い上げいただき誠にありがとうございます。
恐れ入りますが、当日キャンセル締め切り後のご連絡につきご対応いたしかねます。
申し訳ございません。
返品をご希望の場合はお受け取りのうえ別途お申しつけくださいませ。
何卒よろしくお願い申し上げます。
ますびと商店"
,
"キャンセルしたい

キャンセルの理由：アカウントの不正利用による身に覚えのない注文です","お客様
いつも大変お世話になっております。
ご注文キャンセルの旨、承知しました。
恐れ入りますが楽天市場にもお問い合わせいただけますでしょうか。
何卒よろしくお願い申し上げます。
ますびと商店
"
,
佐川急便営業所止めでの配送は可能でしょうか？,"お客様
いつも大変お世話になっております。
お問い合わせありがとうございます。
こちらの商品は佐川急便での営業所留めが可能ですので、
ご注文時に備考欄にその旨をご記載ください。
何卒よろしくお願い申し上げます。
ますびと商店"
,
"キャンセルしたい

キャンセルの理由：違うリールが欲しくなった。","お客様
いつも大変お世話になっております。
当店をご利用いただきありがとうございます。
ご注文キャンセルの旨、承知しました。
また機会がございましたらよろしくお願い申し上げます。
ますびと商店"
,
"キャンセルしたい

キャンセルの理由：番手を間違えていました","お客様
いつも大変お世話になっております。
当店をご利用いただきありがとうございます。
ご注文キャンセルの旨、承知しました。
また機会がございましたらよろしくお願い申し上げます。
ますびと商店"
,
"その他について確認したい

2/1に
残り2点届きました
お騒がせしました","お客様
いつも大変お世話になっております。
ご丁寧にありがとうございます。
発送商品が分かり難く申し訳ございませんでした。
また機会がございましたらよろしくお願い申し上げます。
ますびと商店"
"キャンセルしたい

キャンセルの理由：申し訳ないですが必要無くなりましたのでキャンセルお願いいたします","お客様
いつも大変お世話になっております。
当店にてお買い上げいただき誠にありがとうございます。
恐れ入りますが、当日キャンセル締め切り後のご連絡につきご対応いたしかねます。
申し訳ございません。
返品をご希望の場合はお受け取りのうえ別途お申しつけくださいませ。
何卒よろしくお願い申し上げます。
ますびと商店"
,
"キャンセルしたい

キャンセルの理由：申し訳ないですが必要無くなりましたのでキャンセルお願いいたします","お客様
いつも大変お世話になっております。
当店にてお買い上げいただき誠にありがとうございます。
恐れ入りますが、当日キャンセル締め切り後のご連絡につきご対応いたしかねます。
申し訳ございません。
返品をご希望の場合はお受け取りのうえ別途お申しつけくださいませ。
何卒よろしくお願い申し上げます。
ますびと商店"
,
"キャンセルしたい

キャンセルの理由：間違いました。","お客様
いつも大変お世話になっております。
当店をご利用いただきありがとうございます。
ご注文キャンセルの旨、承知しました。
また機会がございましたらよろしくお願い申し上げます。
ますびと商店
"
,
"交換したい（店舗都合）

交換の理由：

※不具合がある商品の写真を添付してください

上記の通り　開封したら付け根部分が破損してました
返品交換してください",
はよせんかい！,
電話番号教えろ,"お客様
いつも大変お世話になっております。
本件、ご不便をおかけし大変申し訳ございません。
恐れ入りますが、下記までご返送をお願いできますでしょうか。
また、可能でしたらお届け時の外装状況（三角の外装箱に破損があったか）についてご教示いただけますと幸いです。
何卒よろしくお願い申し上げます。

〒180-0011
東京都武蔵野市八幡町1-1-3-203
ますびと商店
TEL：0422-66-2710"
"お世話になります。
外箱には潰れた跡のようなものがありました。
届いた三角の箱に詰めてそちらへ返送します","お客様
ご対応いただきありがとうございます。
交換をご希望かと存じますので、
交換品を発送させていただき、お届け時に破損品を同時回収させていただきます。
そちらの流れでよろしいでしょうか。
ご確認の程よろしくお願い申し上げます。
ますびと商店"
"承知しました
受取日は2月7日（土）
14?18時の間で希望します。",
"受取日訂正して
2月6日（金）午前中でお願いします。","お客様
ご連絡ありがとうございます。
ご依頼の日時指定にて手配させていただきます。
引き続きよろしくお願い申し上げます。
ますびと商店"
,
"キャンセルしたい

キャンセルの理由：誤って購入した","お客様
いつも大変お世話になっております。
当店をご利用いただきありがとうございます。
ご注文キャンセルの旨、承知しました。
また機会がございましたらよろしくお願い申し上げます。
ますびと商店"
,
"その他について確認したい

先日、購入いたしました商品を1/19に無事うけとりました。
迅速な対応をありがとうございます。

シマノのアルデバランDC30XGを購入したのですが、保証書が付いておりました。
保証の際には保証書以外にレシートか領収書か納品書などの購入証明が必要とありました。
どれも同封されていなかったので、どのようにしたら良いか教えてください。
また、注文日と受取日が異なるため、保証開始日にズレが生じると思うのですが、この場合の方法も教えてください。

お手数をお掛けいたしますがよろしくお願いいたします。","お客様
いつも大変お世話になっております。
当店をご利用いただきありがとうございます。
楽天市場内、購入履歴から領収書をダウンロードしていただけますので、そちらをご使用ください。
また、基本的にご注文日が開始日となります。
何卒よろしくお願い申し上げます。
ますびと商店"
,
"その他について確認したい

お世話になります。
先ほど商品を受け取り、開封・確認しましたが、保証書が見当たりません。
こちらは保証なし商品ですか？","お客様
いつも大変お世話になっております。
当店にてお買い上げいただき誠にありがとうございます。
お買い上げいただいた商品には、メーカー保証書が付属しておりません。
何卒よろしくお願い申し上げます。
ますびと商店"
"メーカー保証は受けられないということですか？
故障したときはどうすれば良いですか？","お客様
ご確認ありがとうございます。
ご使用後の不具合に関するメーカー保証はございません。
故障の際はメーカー預かりにて修理となります。
（当店経由でも他店様経由でも問題ございません）
よろしくお願いいたします。
ますびと商店"
,
"お世話になっております。
Shimano Twin Power 25 4000XG のリールは現在在庫がございますでしょうか。
また、販売価格をお知らせいただけますと幸いです。
札幌市内のホテル宛に配送していただくことは可能でしょうか。
その際、ホテルのフロントで受け取ってもらう形でも問題ないでしょうか。
どうぞよろしくお願いいたします。","お客様
いつも大変お世話になっております。
お問い合わせありがとうございます。
こちらの商品は在庫がありまして、価格は掲載情報の通りです。
札幌市内のホテルにも配送可能です。
（その際は宿泊者のお名前や部屋番号、宿泊期間をご記載ください）
ご検討の程よろしくお願い申し上げます。
ますびと商店"
,
"返金してほしい（お客様都合）

返金の理由：間違って注文してしまった為。","お客様
いつも大変お世話になっております。
当店をご利用いただきありがとうございます。
返品ご希望の旨、承知しました。
【送料元払い】にて下記までご返送ください。

〒180-0011
東京都武蔵野市八幡町1-1-3-203
ますびと商店
TEL：0422-66-2710

何卒よろしくお願い申し上げます。
ますびと商店"
,
シマノプレイズ3000は、右ハンドルですか？お伺いいたします。,"お客様
いつも大変お世話になっております。
お問い合わせありがとうございます。
こちらの商品は右ハンドルモデルです。
ご検討の程よろしくお願い申し上げます。
ますびと商店"
,
"その他について確認したい

他のモデルに交換して頂きたいのですが、可能でしょうか？","お客様
いつも大変お世話になっております。
当店にてお買い上げいただき誠にありがとうございます。
恐れ入りますが、当日キャンセル締め切り後のご連絡につきご対応いたしかねます。
申し訳ございません。
返品をご希望の場合はお受け取りのうえ別途お申しつけくださいませ。
何卒よろしくお願い申し上げます。
ますびと商店"
,
"その他について確認したい

発送はいつ頃でしょうか？
よろしくお願い致します。","お客様
いつも大変お世話になっております。
当店にてお買い上げいただき誠にありがとうございます。
ご注文の商品は本日発送させていただきました。
商品のお届けまでもうしばらくお待ちくださいませ。
何卒よろしくお願い申し上げます。
ますびと商店"
,
"同商品、ショップ内で価格差がありますが、何が違うのでしょうか？
差分の理由を教えてください。","お客様
いつも大変お世話になっております。
お問い合わせありがとうございます。
分かり難く申し訳ございませんが、商品は同じものになります。
何卒よろしくお願い申し上げます。
ますびと商店"
,
"失礼します。
こちらの商品を購入してたかと思うのですが、キャンセルとなっており、確認のご連絡をさせていただきました。","お客様
いつも大変お世話になっております。
当店をご利用いただきありがとうございます。
恐れ入りますがご注文番号をご教示いただけますでしょうか。
また、キャンセルが確定しているようでしたら別途ご注文いただきたく存じます。
何卒よろしくお願い申し上げます。
ますびと商店"
,
再入荷はいつ頃になりますか？,"お客様
いつも大変お世話になっております。
お問い合わせありがとうございます。
恐れ入りますが、現時点で入荷時期は未定となります。
何卒よろしくお願い申し上げます。
ますびと商店"
,
"キャンセルしたい

キャンセルの理由：番手を改めて考えたい。","お客様
いつも大変お世話になっております。
当店をご利用いただきありがとうございます。
ご注文キャンセルの旨、承知しました。
また機会がございましたらよろしくお願い申し上げます。
ますびと商店"
,
"配送について

配送はいつになりますか？","お客様
いつも大変お世話になっております。
当店にてお買い上げいただき誠にありがとうございます。
ご注文の商品は本日発送にて手配を進めております。
商品のお届けまでもうしばらくお待ちくださいませ。
何卒よろしくお願い申し上げます。
ますびと商店"
,
"お届け日時を変更したい

お届け日時変更の理由：注文時の日時指定を間違えた。（日付指定すると1日遅れることに気づかなかった）
変更後のお届け日時：1月16日午前中（間に合わなければ1月16日中でも可）","お客様
いつも大変お世話になっております。
当店にてお買い上げいただき誠にありがとうございます。
お届け日指定の旨、承知しました。
引き続きよろしくお願い申し上げます。
ますびと商店"
,
"その他について確認したい

お世話になっております。
現在、注文ステータスが「お支払い手続き中」となっており、決済が正常に完了しているか少し心配しております。
恐れ入りますが、貴店側で決済の確認（承認）は取れておりますでしょうか。
また、もし決済に問題がない場合、本日中に発送いただくことは可能でしょうか。
商品の到着を非常に楽しみにしております。
お忙しいところ恐縮ですが、ご確認いただけますと幸いです。
よろしくお願いいたします。","お客様
いつも大変お世話になっております。
当店をご利用いただきありがとうございます。
ご注文の商品は本日発送予定です。
何卒よろしくお願い申し上げます。
ますびと商店"
,
"キャンセルしたい

すいません、キャンセルします","お客様
いつも大変お世話になっております。
当店をご利用いただきありがとうございます。
ご注文キャンセルの旨、承知しました。
また機会がございましたらよろしくお願い申し上げます。
ますびと商店"
,
保証書などはついてますか？,"お客様
いつも大変お世話になっております。
お問い合わせありがとうございます。
こちらの商品はメーカー保証書付きです。
ご検討の程よろしくお願い申し上げます。
ますびと商店"
,
この商品はソリッドティップモデルですか？,"お客様
いつも大変お世話になっております。
お問い合わせありがとうございます。
こちらの商品はソリッドティップモデルです。
ご検討の程よろしくお願い申し上げます。
ますびと商店"
,
"糸巻きをお願いすることは可能でしょうか？
商品は、シーガー pex8の6号300m巻を別途購入させていただきたいです。
ご確認の程よろしくお願いいたします。","お客様
いつも大変お世話になっております。
お問い合わせありがとうございます。
お取り扱いが無いラインにつきましては別途調達可否の確認、ならびにお見積りさせていただく形になりますがよろしいでしょうか。
ご確認の程よろしくお願い申し上げます。
ますびと商店"
"ご返答いただきありがとうございます。
お見積もりいただけると幸いです。
よろしくお願いします。","お客様
いつも大変お世話になっております。
お返事が遅くなり申し訳ございません。
ライン料金（税込・糸巻込み）：3,055円のご案内となります。
ご検討の程よろしくお願い申し上げます。
ますびと商店"
,
"その他について確認したい

私は御店でFCS-1002Hの釣り竿を購入しました。
しかし、私の不注意で穂先を折ってしまいました。
穂先のみの販売はございますでしょうか。また、価格はいくらになりますか。","お客様
いつも大変お世話になっております。
当店をご利用いただきありがとうございます。
お返事が遅くなり申し訳ございません。
恐れ入りますが、楽天市場ではパーツのお取り扱いが無いため
お近くの販売店様でご注文いただきたく存じます。
何卒よろしくお願い申し上げます。
ますびと商店"
,
"キャンセルしたい

キャンセルの理由：番手違いのため",
"すみません。
注文しているリール全部キャンセルでお願いします。","お客様
いつも大変お世話になっております。
ご注文キャンセルの旨、承知しました。
2件分をキャンセルさせていただきます。
ますびと商店"
,
"お世話になります。
こちらのランディングネットですが、
４分ネジ(外径12.7mm)のジョイントは
はいりますか？
ご確認よろしくお願いいたします。","お客様
いつも大変お世話になっております。
お問い合わせありがとうございます。
おおよその社外品にも適合する規格となっております。
メーカーからの公表値が無く、曖昧なご回答となり申し訳ございません。
何卒よろしくお願い申し上げます。
ますびと商店"
,
"その他について確認したい

お世話になります。
本日商品届きました。
迅速なご対応、誠に有難うございます。

開梱して、確認させて頂いた所保証書が見当たらないのですが、送って頂く事は可能ですか？？
宜しくお願い致します。","お客様
いつも大変お世話になっております。
当店にてお買い上げいただき誠にありがとうございます。
ご注文の商品にメーカー保証書は付属しておりません。
何卒よろしくお願い申し上げます。
ますびと商店"
,
"こんにちは。

私は札幌に滞在予定の釣り愛好家です。
Shimano 25 Twin Power XD 4000XG の在庫についてお伺いしたく、ご連絡いたしました。

現在、貴店（札幌店）に
・Shimano 25 Twin Power XD 4000XG の在庫はございますでしょうか。
・もし在庫がない場合、お取り寄せは可能でしょうか。
・価格（税込）と受け取り可能日も教えていただけると助かります。

札幌市内の店舗での購入を希望しております。
お忙しいところ恐れ入りますが、ご確認のほどよろしくお願いいたします。

どうぞよろしくお願いいたします。","お客様
お問い合わせありがとうございます。
恐れ入りますが、当店は札幌に店舗はございません。
何卒よろしくお願い申し上げます。
ますびと商店"
"お世話になっております。  
質問がございます。北海道に店舗はございますでしょうか。  
ご確認のほど、よろしくお願いいたします。","いつも大変お世話になっております。
北海道に店舗はございません。
何卒よろしくお願い申し上げます。
ますびと商店"
,
"その他について確認したい

根掛かりで竿が折れてしまったのですが、保証期間内の修理依頼はますびと商店さんで対応してもらえるのでしょうか？","お客様
いつも大変お世話になっております。
当店をご利用いただきありがとうございます。
こちらの商品は保証書を使用しての免責修理が可能です。
当店でのご対応ですと
・銀行振込にてお支払い
・破損パーツと保証書をメーカーにお送りいただく
・確認後、新品パーツをお届け
という流れになります。
一方、お近くの小売店様でもご対応いただけます。
（その際は領収書もお持ちください）
いかがいたしましょうか。
以上、ご確認の程よろしくお願い申し上げます。
ますびと商店"
,
"交換したい（店舗都合）

交換の理由：
1 ハンドルの回転が悪い(重い)。
2 DCユニット部分に傷(メッキの剥がれ)がある。","お客様
いつも大変お世話になっております。
当店をご利用いただきありがとうございます。
本件、ご不便をおかけし大変申し訳ございません。
恐れ入りますが、現品を確認のうえご対応させていただきたく存じます。
お手数ですが下記までご返送いただけますでしょうか。

〒180-0011
東京都武蔵野市八幡町1-1-3-203
ますびと商店
TEL：0422-66-2710

何卒よろしくお願い申し上げます。
ますびと商店"
,
"本日発送しました。
よろしくお願いします。","お客様
いつも大変お世話になっております。
返送品を確認させていただきました。
いずれも在庫分との確認、およびメーカーに確認させていただきます。
もう少しお時間くださいませ。
何卒よろしくお願い申し上げます。
ますびと商店"
,"お客様
いつも大変お世話になっております。
DCユニットの突起については成形上のものとのことです。
（別個体にもございます）
また回転につきまして、当店では初期不良の判断は難しいところです。
メーカー預かりにて検査・調整のご対応となりますがよろしいでしょうか。
ご確認の程よろしくお願い申し上げます。
ますびと商店"
"メーカーの確認となると時間はどの程度かかりそうでしょうか。
また、ハンドルの回転について、他の個体と差はありませんか？
シマノの他のリールだと強めに回転させて手を離すと余韻で半周?1周するのですが、今回のリールは余韻なくすぐ止まります。
時間がどの程度かかるかと他の個体との差でどうするか決めたいと思います。
よろしくお願いします。","お客様
ご確認いただきありがとうございます。
休業につきお返事が遅くなり申し訳ございません。
ただいまですと、3-4週間をいただいている状況です。
また私見ではございますが、回転については他個体と大きい差は感じておりません。
ご確認の程よろしくお願い申し上げます。
ますびと商店"
"そうですか。
それならばハンドルの回転は仕様のようですね。
交換依頼は取り下げますので商品の送付をお願いします。
大変お手数をおかけして申し訳ありませんでした。","客様
ご確認ありがとうございます。
今週中には返送手続きを取らせていただきます。
何卒よろしくお願い申し上げます。
ますびと商店"
,
"配送について

昨日支払いしましたが、発送はまだでしょうか？","お客様
いつも大変お世話になっております。
当店にてお買い上げいただき誠にありがとうございます。
ご注文の商品は本日発送にて手配を進めております。
商品のお届けまでもうしばらくお待ちくださいませ。
何卒よろしくお願い申し上げます。
ますびと商店"
,
"キャンセルしたい

キャンセルの理由：GK1 SJ-B60/3で再注文したいので、キャンセルをお願いいたします。","お客様
いつも大変お世話になっております。
当店をご利用いただきありがとうございます。
ご注文キャンセルの旨、承知しました。
また機会がございましたらよろしくお願い申し上げます。
ますびと商店"
,
"配送について

納期は何時ごろになりますか？
ご確認お願いします","お客様
いつも大変お世話になっております。
当店にてお買い上げいただき誠にありがとうございます。
年末年始の休業をいただいており、お返事が遅くなり申し訳ございません。
ご注文の商品は本日発送にて手配を進めております。
商品のお届けまでもうしばらくお待ちくださいませ。
何卒よろしくお願い申し上げます。
ますびと商店"
,
注文した物はいつ頃届きますか？,"お客様
いつも大変お世話になっております。
当店にてお買い上げいただき誠にありがとうございます。
年末年始の休業をいただいており、お返事が遅くなり申し訳ございません。
ご注文の商品は本日発送にて手配を進めております。
商品のお届けまでもうしばらくお待ちくださいませ。
何卒よろしくお願い申し上げます。
ますびと商店
"
,
"キャンセルしたい

キャンセルの理由：間違えて購入してしまいました。
別の物を注文しています。
申し訳ありませんがよろしくお願いします。","お客様
いつも大変お世話になっております。
当店をご利用いただきありがとうございます。
ご注文キャンセルの旨、承知しました。
引き続きよろしくお願い申し上げます。
ますびと商店"
,
"支払い・ポイント・クーポンについて

お支払いですが、個人名　渋谷幸治　で振り込みます。
よろしくお願いします。","お客様
いつも大変お世話になっております。
当店にてお買い上げいただき誠にありがとうございます。
ご入金の確認が取れておりますので、ご注文の商品は本日発送いたします。
引き続きよろしくお願い申し上げます。
ますびと商店"
,
"その他について確認したい

レビュー投稿特典クーポンはいつ頃届きますでしょうか？","お客様
いつも大変お世話になっております。
当店をご利用いただきありがとうございます。
レビューが掲載され、確認が取れましたらメールにてお届けする段取りとなっております。
お調べしますのでレビューのご投稿日をご教示いただけますでしょうか。
ご確認の程よろしくお願い申し上げます。
ますびと商店"
2025.12.25です。,"お客様
ご対応ありがとうございます。
確認させていただいたところ、商品レビューをご記載いただいておりますが、
ショップレビューは未投稿かと存じます。
恐れ入りますが、当該キャンペーンはショップレビューが対象となっております。
何卒よろしくお願い申し上げます。
ますびと商店"
,
"この商品を購入し、こちらから（日本豊中市）からシンガポールへ郵送したいのですが、少し頑丈に梱包して頂けますでしょうか？中身を開けずに郵送したいのです。
シンガポールの居る孫の誕生日プレゼントです。
プレゼント用の包装はいりません。頑丈な梱包をお願いしたい。加えて、梱包後のサイズなど教えて下さい。宜しくお願いします。まだ注文してません。孫からのリクエストです。","お客様
いつも大変お世話になっております。
お問い合わせありがとうございます。
恐れ入りますが、ダンボールは通常梱包（メーカーの外装箱）となります。
申し訳ございません。
サイズはおおよそ3辺140cmくらいかと存じます。
何卒よろしくお願い申し上げます。
ますびと商店"
,
"配送について

鹿児島県奄美市名瀬大熊までは送料無料ですか？
送料によっては注文をキャンセル致します。","お客様
いつも大変お世話になっております。
当店をご利用いただきありがとうございます。
送料は無料でお届けさせていただきます。
引き続きよろしくお願い申し上げます。
ますびと商店"
,
"キャンセルしたい

キャンセルの理由：この注文はキャンセルしてください
他のモデルに変更して購入します","お客様
いつも大変お世話になっております。
当店をご利用いただきありがとうございます。
ご注文キャンセルの旨、承知しました。
引き続きよろしくお願い申し上げます。
ますびと商店
"
,
"配送について

配送状況教えてください","お客様
いつも大変お世話になっております。
当店にてお買い上げいただき誠にありがとうございます。
年末年始の休業をいただいており、お返事が遅くなり申し訳ございません。
ご注文の商品は本日発送にて手配を進めております。
商品のお届けまでもうしばらくお待ちくださいませ。
何卒よろしくお願い申し上げます。
ますびと商店"
,
"写真と商品名が違いますが
どっちが正しいんでしょうか？","お客様
いつも大変お世話になっております。
お問い合わせありがとうございます。
商品名がわかりにくく申し訳ございません。
こちらの商品は【ST】モデルになります。
ご検討の程よろしくお願い申し上げます。
ますびと商店"
,
"配送について

__ __ _____","__ __ ___ __ ____.
___ ___ _____.
_ ______."
,
"配送について

長野県の毛利と言います。ロットはいつ発送になりますか　連絡をお願いします。
[注文番号] 404987-20251226-0836748389
[注文日時] 2025/12/26 09:27:02
[商品名] メジャークラフト 鯵道 3G AD3FC-832/S 送料無料
[お支払い金額] 22,797円","お客様
いつも大変お世話になっております。
当店にてお買い上げいただき誠にありがとうございます。
年末年始の休業をいただいており、お返事が遅くなり申し訳ございません。
ご注文の商品は本日発送にて手配を進めております。
商品のお届けまでもうしばらくお待ちくださいませ。
何卒よろしくお願い申し上げます。
ますびと商店
"
,
売れ切ればかりですが、再入荷のご予定はないのでしょうか？,"お客様
いつも大変お世話になっております。
お問い合わせありがとうございます。
恐れ入りますが、再入荷の目処は立っておりません。
何卒よろしくお願い申し上げます。
ますびと商店"
,
"返金してほしい（お客様都合）

返金の理由：品番を間違えて購入してしまいました。2000ss-pを購入予定がカートに間違えて2000ss-hを入れていました。開封後に気づいてに戻しています。","お客様
いつも大変お世話になっております。
当店をご利用いただきありがとうございます。
返品につきましては下記まで送料元払いにてご返送ください。

〒180-0011
東京都武蔵野市八幡町1-1-3-203
ますびと商店
TEL：0422-66-2710

何卒よろしくお願い申し上げます。
ますびと商店"
,
"ご迷惑をお掛けしました。
知人に譲ることになりましたので、返品には至らずに済みました。
ご丁寧な返信を頂き有難うございました。","お客様
ご確認ありがとうございます。
ご状況について承知しました。
また機会がございましたらよろしくお願いいたします。
ますびと商店"
,
"ご担当者様へ

ヤマト運輸の追跡サービスにより、送った竿は9日に配達完了を確認いたしました。
当初は交換を希望しておりましたが、このまま返品とさせていただきたいと思います。
ご対応、よろしくお願いいたします。","お客様
いつも大変お世話になっております。
返送品を確認させていただきました。
ご対応にお時間がかかり申し訳ございません。
それでは速やかに返金手続きを進めさせていただきます。
何卒よろしくお願い申し上げます。
ますびと商店"